-- Организации
INSERT INTO croc.organization (name) VALUES
  ('Городская клиническая больница № 2'),
  ('Детская городская клиническая поликлиника № 1'),
  ('Военно-клинический госпиталь, поликлиника'),
  ('Челябинский областной клинический противотуберкулезный диспансер'),
  ('Городская больница №1 Челябинска'),
  ('Областная клиническая больница №3');

-- Отделения
INSERT INTO croc.department (name, pid) VALUES
  ('Терапия', 1),
  ('Хирургия', 1),
  ('Кардиология', 3),
  ('Приёмное отделение', 1),
  ('Неврология', 2),
  ('Онкология', 5),
  ('Травматология', 4),
  ('Родильное отделение', 2),
  ('Приёмное отделение', 3),
  ('Неврология', 2),
  ('Отделение медицинской реабилитации', 1),
  ('Отделение терапии и кардиологии с палатой реанимации и интенсивной терапии', 1),
  ('Хозяйственное отделение', 2),
  ('Диагностическое отделение', 2),
  ('Отдел социально-психологической помощи', 3),
  ('Отдел информационных технологий', 4),
  ('Отдел социально-психологической помощи', 4),
  ('Диагностическое отделение', 4),
  ('Онкология', 6),
  ('Травматология', 4),
  ('Родильное отделение', 3),
  ('Приёмное отделение', 1),
  ('Неврология', 5),
  ('Онкология', 5),
  ('Травматология', 6),
  ('Родильное отделение', 2),
  ('Приёмное отделение', 3),
  ('Неврология', 3),
  ('Онкология', 6),
  ('Травматология', 4),
  ('Родильное отделение', 2),
  ('Приёмное отделение', 1),
  ('Неврология', 2),
  ('Онкология', 4),
  ('Травматология', 5),
  ('Родильное отделение', 6);

-- Палаты
INSERT INTO croc.ward (name, pid, activity) VALUES
  ('Палата 101', 1, true),
  ('Палата 102', 1, true),
  ('Палата 201', 2, true),
  ('Палата ICU-1', 3, true),
  ('Палата 301', 4, false),
  ('Палата 401', 5, true),
  ('Палата 501', 6, true),
  ('Первая палата', 1, true),
  ('Вторая палата', 1, true),
  ('Кабинет рентгенологии', 2, true),
  ('Терапевтический кабинет', 2, false),
  ('Терапевтический кабинет', 3, true),
  ('Первая палата', 4, true),
  ('Вторая палата', 4, true),
  ('Кабинет рентгенологии', 5, true),
  ('Терапевтический кабинет', 7, false),
  ('Терапевтический кабинет', 6, true),
  ('Палата 601', 7, true),
  ('Палата 701', 8, true),
  ('Изолятор 1', 1, false),
  ('Изолятор 2', 2, false),
  ('Палата 202', 2, true),
  ('Палата 302', 3, true),
  ('Палата 402', 4, true),
  ('Палата 502', 5, true);

-- Сотрудники
INSERT INTO croc.staff (surname, firstname, lastname, "position") VALUES
  ('Иванов', 'Алексей', 'Петрович', 'Терапевт'),
  ('Смирнова', 'Ольга', 'Игоревна', 'Хирург'),
  ('Петров', 'Дмитрий', 'Сергеевич', 'Кардиолог'),
  ('Козлова', 'Елена', 'Владимировна', 'Медсестра'),
  ('Новиков', 'Максим', 'Андреевич', 'Невролог'),
  ('Морозова', 'Анна', 'Павловна', 'Акушер-гинеколог'),
  ('Лебедев', 'Иван', 'Олегович', 'Травматолог'),
  ('Соколова', 'Мария', 'Дмитриевна', 'Онколог'),
  ('Волков', 'Андрей', 'Николаевич', 'Санитар'),
  ('Иванов', 'Петр', 'Сергеевич', 'врач-терапевт'),
  ('Петрова', 'Елена', 'Викторовна', 'медсестра'),
  ('Сидоров', 'Алексей', 'Игоревич', 'хирург'),
  ('Смирнова', 'Анна', 'Олеговна', 'фармацевт'),
  ('Кузнецов', 'Дмитрий', 'Андреевич', 'анестезиолог'),
  ('Федорова', 'Марина', 'Ивановна', 'лаборант'),
  ('Васильев', 'Сергей', 'Павлович', 'реаниматолог'),
  ('Никифорова', 'Татьяна', 'Юрьевна', 'рентгенолог'),
  ('Морозов', 'Виктор', 'Евгеньевич', 'санитар'),
  ('Карпова', 'Ольга', 'Дмитриевна', 'физиотерапевт'),
  ('Ефимов', 'Олег', 'Александрович', 'администратор медицинского центра'),
  ('Гусева', 'Наталья', 'Романовна', 'IT-специалист'),
  ('Степанов', 'Антон', 'Владимирович', 'уборщик'),
  ('Лебедева', 'Светлана', 'Борисовна', 'кардиолог'),
  ('Михайлов', 'Артем', 'Сергеевич', 'педиатр'),
  ('Захарова', 'Екатерина', 'Алексеевна', 'Лаборант'),
  ('Павлов', 'Сергей', 'Викторович', 'Рентгенолог'),
  ('Семёнова', 'Татьяна', 'Юрьевна', 'Анестезиолог'),
  ('Фёдоров', 'Павел', 'Михайлович', 'Реаниматолог'),
  ('Никитина', 'Ирина', 'Васильевна', 'Диетолог'),
  ('Макаров', 'Александр', 'Геннадьевич', 'Физиотерапевт');

-- Привязка сотрудников к отделениям
INSERT INTO croc.department_staff (staff, department) VALUES
  (1,1),(2,2),(3,3),(4,1),(4,11),(5,5),
  (6,8),(7,7),(8,6),(9,10),(9,2),(9,12),
  (10,14),(11,9),(12,8),(18,19),(13,13),(14,15),
  (15,5),(15,6),(18,16),(19,17),(15,7),(20,20);

-- Пациенты
INSERT INTO croc.patient (surname, firstname, lastname, birth_date, allergy) VALUES
  ('Петров', 'Иван', 'Сергеевич', '1985-03-12', 'Пенициллин'),
  ('Сидорова', 'Мария', 'Алексеевна', '1992-07-25', 'Арахис'),
  ('Кузнецов', 'Дмитрий', 'Игоревич', '1978-11-05', NULL),
  ('Воробьёва', 'Ольга', 'Дмитриевна', '2001-01-30', 'Йод'),
  ('Соколов', 'Андрей', 'Павлович', '1999-12-12', 'Латекс'),
  ('Михайлова', 'Екатерина', 'Витальевна', '1982-04-18', 'Пыльца'),
  ('Новикова', 'Василиса', 'Андреевна', '1965-09-07', 'Морепродукты'),
  ('Лебедева', 'Анна', 'Олеговна', '1995-02-14', NULL),
  ('Козлов', 'Максим', 'Денисович', '2005-06-30', 'Анестетики'),
  ('Павлова', 'Юлия', 'Сергеевна', '1988-08-22', 'Шерсть животных'),
  ('Григорьев', 'Артём', 'Валерьевич', '1973-10-11', NULL),
  ('Алексеева', 'Виктория', 'Игоревна', '1991-03-08', 'Яйца'),
  ('Фёдоров', 'Денис', 'Павлович', '2003-12-19', NULL),
  ('Никитина', 'Лариса', 'Андреевна', '1958-05-05', 'Аспирин'),
  ('Макарова', 'Елена', 'Владимировна', '1998-07-17', 'Мёд'),
  ('Иванов', 'Петр', 'Сергеевич', '1980-05-14', NULL),
  ('Петрова', 'Елена', 'Викторовна', '1992-08-21', NULL),
  ('Сидоров', 'Алексей', 'Игоревич', '1985-12-03', 'Отсутствуют'),
  ('Смирнова', 'Анна', 'Олеговна', '1990-07-09', 'Берёзовая пыльца'),
  ('Кузнецов', 'Дмитрий', 'Андреевич', '1978-03-25', 'Отсутствуют'),
  ('Федорова', 'Марина', 'Ивановна', '1983-11-17', 'Злаковые'),
  ('Васильев', 'Сергей', 'Павлович', '1995-04-30', 'Отсутствуют'),
  ('Никифорова', 'Татьяна', 'Юрьевна', '1987-06-12', 'Паслёновые'),
  ('Морозов', 'Виктор', 'Евгеньевич', '1991-09-05', 'Кофе'),
  ('Карпова', 'Ольга', 'Дмитриевна', '1982-02-14', 'Аминазин'),
  ('Ефимов', 'Олег', 'Александрович', '1976-10-27', 'Шоколад'),
  ('Гусева', 'Наталья', 'Романовна', '1989-05-19', 'Отсутствуют'),
  ('Степанов', 'Антон', 'Владимирович', '1993-07-08', 'Сульфаниламиды'),
  ('Лебедева', 'Светлана', 'Борисовна', '1981-01-23', 'Отсутствуют'),
  ('Михайлов', 'Артем', 'Сергеевич', '1996-12-11', 'Супрастин');

-- Диагнозы
INSERT INTO croc.diagnosis (code, name) VALUES
  ('J45.9', 'Бронхиальная астма'),
  ('I10', 'Эссенциальная гипертензия'),
  ('K35.2', 'Острый аппендицит'),
  ('S72.0', 'Перелом шейки бедра'),
  ('C34.9', 'Рак легкого'),
  ('G40.9', 'Эпилепсия'),
  ('O80.0', 'Естественные роды'),
  ('M54.5', 'Боль в пояснице'),
  ('J06.9', 'ОРВИ'),
  ('S42.0', 'Перелом ключицы'),
  ('I21.9', 'Острый инфаркт миокарда'),
  ('N18.9', 'Хроническая болезнь почек');

-- Единицы измерения
INSERT INTO croc.measure_unit (measure_object, measure_unit) VALUES
  ('Таблетка', 'шт'),
  ('Раствор', 'мл'),
  ('Порошок', 'г');

-- Препараты
INSERT INTO croc.preparation (name, narcotic) VALUES
  ('Парацетамол', false),
  ('Амоксициллин', false),
  ('Морфин', true),
  ('Ибупрофен', false),
  ('Натрия хлорид', false),
  ('Инсулин', false),
  ('Аспирин', false),
  ('Диазепам', true),
  ('Лидокаин', true),
  ('Цитрамон', false),
  ('Кеторолак', true),
  ('Метформин', false),
  ('Омепразол', false),
  ('Амлодипин', false),
  ('Сальбутамол', false);

-- Дозировки у препаратов
INSERT INTO croc.dosage (preparation_id, measure_unit, dosage) VALUES
  (1, 1, 500), (2, 1, 1000),
  (3, 3, 10), (4, 1, 200),
  (5, 2, 100), (6, 3, 50),
  (7, 1, 100), (8, 3, 5),
  (9, 2, 20), (10, 1, 250),
  (11, 3, 30), (12, 1, 850),
  (13, 1, 20), (14, 1, 5),
  (15, 2, 100);

-- Журнал назначений
INSERT INTO croc.preparation_book (patient, preparation, dosage, quantity, scheduled_at, completed_at) VALUES
  (1,1,1,2,'2025-04-01 08:00',NULL), 		(1,4,4,1,'2025-04-01 08:00',NULL),
  (2,2,2,1,'2025-04-02 08:00',NULL),    (3,5,5,3,'2025-04-03 10:15',NULL),
  (4,3,3,1,'2025-04-05 14:25',NULL),    (5,6,6,2,'2025-04-05 11:45',NULL),
  (6,7,7,1,'2025-04-06 16:30',NULL),    (7,8,8,1,'2025-04-07 08:45',NULL),
  (8,9,9,2,'2025-04-08 13:10',NULL), 		(9,10,10,3,'2025-04-09 10:00',NULL),
  (10,11,11,1,'2025-04-10 17:20',NULL), (11,12,12,2,'2025-04-11 09:15',NULL),
  (12,13,13,1,'2025-04-12 14:50',NULL), (13,14,14,1,'2025-04-13 11:30',NULL),
  (14,15,15,3,'2025-04-14 15:45',NULL),	(15,1,1,2,'2025-04-15 08:20',NULL),
  (1,2,2,1,'2025-04-16 10:10',NULL),		(2,3,3,1,'2025-04-17 12:35',NULL),
  (3,4,4,2,'2025-04-18 14:00',NULL),		(4,5,5,1,'2025-04-19 16:15',NULL),
  (5,6,6,2,'2025-04-20 09:40',NULL),		(6,7,7,1,'2025-04-21 13:25',NULL),
  (7,8,8,1,'2025-04-22 15:50',NULL),		(8,9,9,3,'2025-04-23 11:05',NULL),
  (9,10,10,2,'2025-04-24 17:30',NULL),	(10,11,11,1,'2025-04-25 08:55',NULL),
  (11,12,12,2,'2025-04-26 10:20',NULL),	(12,13,13,1,'2025-04-27 14:45',NULL),
  (13,14,14,1,'2025-04-28 16:10',NULL),	(14,15,15,2,'2025-04-29 09:35',NULL);

-- Измерения
INSERT INTO croc.measure (name, measure_unit) VALUES
  ('Температура тела', 4),
  ('Артериальное давление', 5),
  ('Частота дыхания', 'вдох/мин'),
  ('Сатурация кислорода', '%'),
  ('Пульс', 'уд/мин');

-- Журнал измерений
INSERT INTO croc.measure_book (patient, measure_type, result, scheduled_at, completed_at) VALUES
  (1,1,NULL,'2025-04-01 07:30',NULL),  (1,2,NULL,'2025-04-01 12:30',NULL),
  (2,1,NULL,'2025-04-02 09:00',NULL),  (3,3,NULL,'2025-04-03 10:00',NULL),
  (4,4,NULL,'2025-04-04 14:00',NULL),  (5,5,NULL,'2025-04-05 11:30',NULL),
  (6,1,NULL,'2025-04-06 16:00',NULL),  (7,2,NULL,'2025-04-07 08:30',NULL),
  (8,3,NULL,'2025-04-08 13:00',NULL),  (9,4,NULL,'2025-04-09 09:30',NULL),
  (10,5,NULL,'2025-04-10 17:00',NULL), (11,1,NULL,'2025-04-11 09:00',NULL),
  (12,2,NULL,'2025-04-12 14:30',NULL), (13,3,NULL,'2025-04-13 11:00',NULL),
  (14,4,NULL,'2025-04-14 15:30',NULL), (15,5,NULL,'2025-04-15 08:00',NULL),
  (7,1,NULL,'2025-04-06 16:00',NULL),  (9,2,NULL,'2025-04-07 08:30',NULL),
  (9,3,NULL,'2025-04-08 13:00',NULL),  (11,4,NULL,'2025-04-09 09:30',NULL),
  (12,5,NULL,'2025-04-10 17:00',NULL), (13,1,NULL,'2025-04-11 09:00',NULL),
  (14,2,NULL,'2025-04-12 14:30',NULL), (15,3,NULL,'2025-04-13 11:00',NULL),
  (16,4,NULL,'2025-04-14 15:30',NULL), (17,5,NULL,'2025-04-15 08:00',NULL),
  (1,1,NULL,'2025-04-16 10:00',NULL),  (2,2,NULL,'2025-04-17 12:00',NULL),
  (3,3,NULL,'2025-04-18 13:30',NULL),  (4,4,NULL,'2025-04-19 16:00',NULL),
  (5,5,NULL,'2025-04-20 09:30',NULL),  (6,1,NULL,'2025-04-21 13:00',NULL),
  (7,2,NULL,'2025-04-22 15:30',NULL),  (8,3,NULL,'2025-04-23 10:30',NULL),
  (9,4,NULL,'2025-04-24 17:00',NULL),  (10,5,NULL,'2025-04-25 08:30',NULL),
  (11,1,NULL,'2025-04-26 10:00',NULL), (12,2,NULL,'2025-04-27 14:00',NULL),
  (13,3,NULL,'2025-04-28 16:30',NULL), (14,4,NULL,'2025-04-29 09:00',NULL);

-- Истории болезней
INSERT INTO croc.anamnesis (department, ward, patient, admission_date, discharge_date, diagnosis, mobility, doctor, nurse) VALUES
  (1,1,1,'2025-03-30',NULL,2,true,1,4),
  (2,3,2,'2025-03-29',NULL,3,false,2,4),
  (1,4,3,'2025-04-01',NULL,1,true,3,9),
  (4,5,4,'2025-04-02',NULL,4,false,5,10),
  (5,6,5,'2025-04-03',NULL,5,true,6,11),
  (6,7,6,'2025-04-04',NULL,6,true,8,12),
  (7,8,7,'2025-04-05',NULL,7,false,7,13),
  (8,9,8,'2025-04-06',NULL,8,true,9,14),
  (1,2,9,'2025-04-07',NULL,9,false,1,4),
  (2,12,10,'2025-04-08',NULL,10,true,2,4),
  (3,13,11,'2025-04-09',NULL,11,true,3,9),
  (1,14,12,'2025-04-10',NULL,12,false,5,10),
  (5,15,13,'2025-04-11',NULL,1,true,6,11),
  (6,7,14,'2025-04-12',NULL,2,false,8,12),
  (7,8,15,'2025-04-13',NULL,3,true,7,13);

-- Пользователи
INSERT INTO croc."user" (login, password, staff) VALUES
('user','$argon2id$v=19$m=65536,t=3,p=4$z7mtNbF3kkqafHYUBOYlLA$xaePMtCLn0mZmn51BfAxB9pClRlaogK8mFvP9+lvecI',1),
('osmironova','$2b$05$mxdru.Zs5boSjx4eXniAhuLZ/7jWSEmbcByclPNNZGKUd1HEytC2m',2),
('dpetrov','$2b$05$Mf/UM7EqoKhEtcNGH2md4OTmx7Ts9kthL747WWvqTrMUGUiiiargu',3),
('ekozlova','$2b$05$7x0CiyH.yM1ga2rMD6s9U.UDeGh8EEMsT5T0CCyC5eZmICrR3HWDS',4),
('mnovikov','$2b$05$QRiACownjlY8TDMsbu8j5.QJfCUHL9uxAWSNQi9z0osxBzmjqa0.y',5),
('amorozova','$2b$05$7.B/US8TwWbpmC/1ntb8UuID.OUHjoAl26sgr2vDGufH9H0fU68fG',6),
('ilebedev','$2b$05$Crusk5VrJdnGBL6TJk7KkuY9rbNx1qqXDblcGjEgVZQxWzAnhkp3S',7),
('msokolova','$2b$05$BvuxbVZG.f/hjypylgp6n.dZDiTzkuPOpGZumdiN4z9IPcFfuiQTG',8),
('avolkov','$2b$05$BvuxbVZG.f/hjypylgp6n.dZDiTzkuPOpGZumdiN4z9IPcFfuiQTG',9),
('ezakharova','$2b$05$FUwUQu4R7Z8jVX9t6pA5Lek37YGA40h5IB6bXAF9/ETrI2YoWctyy',10),
('spavlov','$2b$05$7UFFBpZ.298Iz667G5yU9OBHPjyIP6F7vVe2wgD4olFnbKGzsiqYi',11),
('tsemyonova','$2b$05$7UFFBpZ.298Iz667G5yU9OBHPjyIP6F7vVe2wgD4olFnbKGzsiqYi',12),
('pfyodorov','$2b$05$f8Ye6RAHEE2kGNuJbfenD.SZfWTSQ1EOIjdiXLz7618wu2FLqxwqK',13),
('inikitina','$2b$05$7.B/US8TwWbpmC/1ntb8UuID.OUHjoAl26sgr2vDGufH9H0fU68fG',14),
('amakarov','$2b$05$Crusk5VrJdnGBL6TJk7KkuY9rbNx1qqXDblcGjEgVZQxWzAnhkp3S',15);